State,District,Latitude,Longitude
andaman-&-nicobar-islands,north and middle andaman district,11.55482845,92.23849
andaman-&-nicobar-islands,south andaman district,10.7056905,92.4874679
andaman-&-nicobar-islands,nicobars district,10.7056905,92.4874679
andhra-pradesh,east godavari district,17.233496,81.7225986
andhra-pradesh,srikakulam district,17.233496,81.7225986
andhra-pradesh,spsr nellore district,14.71875825,79.65961023
andhra-pradesh,vizianagaram district,18.110744,83.386585
andhra-pradesh,visakhapatnam district,18.110744,83.386585
andhra-pradesh,prakasam district,15.2282086,79.8744994
andhra-pradesh,anantapur district,15.2282086,79.8744994
andhra-pradesh,ysr district,17.0771387,81.6653938
andhra-pradesh,west godavari district,16.9550574,81.4530037
andhra-pradesh,kurnool district,15.8344103,78.0499956
andhra-pradesh,chittoor district,13.0108668,79.2249071
andhra-pradesh,guntur district,13.0108668,79.2249071
andhra-pradesh,krishna district,17.0347692,81.7819183
arunachal-pradesh,lower dibang valley district,17.0347692,81.7819183
arunachal-pradesh,lower subansiri district,27.8,93.6
arunachal-pradesh,longding district,27.8,93.6
arunachal-pradesh,west siang district,28.4,94.55
arunachal-pradesh,kamle district,28.4,94.55
arunachal-pradesh,upper siang district,28.6416983,95.0252232
arunachal-pradesh,tirap district,27.5013437,96.5242944
arunachal-pradesh,papum pare district,27.5013437,96.5242944
arunachal-pradesh,kurung kumey district,27.98636765,93.15783469
arunachal-pradesh,siang district,28.477492,94.81655729
arunachal-pradesh,lower siang district,28.477492,94.81655729
arunachal-pradesh,kra daadi district,27.9366293,92.6658618
arunachal-pradesh,changlang district,27.272007,96.06552596
arunachal-pradesh,pakke kessang district,27.1061731,92.9311395
arunachal-pradesh,dibang valley district,28.8291044,95.95540958
arunachal-pradesh,west kameng district,27.33862695,92.43336624
arunachal-pradesh,east siang district,28.3,95.15
arunachal-pradesh,upper subansiri district,28.3,94
arunachal-pradesh,east kameng district,27.55778095,92.96738427
arunachal-pradesh,lohit district,28.0060625,96.2431946
arunachal-pradesh,lepa rada district,28.0060625,96.2431946
arunachal-pradesh,tawang district,27.6741942,91.93620588
arunachal-pradesh,namsai district,27.6741942,91.93620588
arunachal-pradesh,anjaw district,28.1114301,96.82699963
arunachal-pradesh,shi yomi district,28.1114301,96.82699963
assam,tinsukia district,27.5971709,95.56685292
assam,lakhimpur district,27.2382645,94.1053145
assam,kamrup district,26.2074223,91.6771799
assam,kokrajhar district,26.2074223,91.6771799
assam,karbi anglong district,26,93.5
assam,sivasagar district,26,93.5
assam,dibrugarh district,27.4881672,95.3623358
assam,south salmara mancachar district,27.4881672,95.3623358
assam,nagaon district,27.4881672,95.3623358
assam,dhubri district,25.54325127,87.56949075
assam,golaghat district,26.5305611,93.9603353
assam,udalguri district,26.70472375,92.04215071
assam,majuli district,26.70472375,92.04215071
assam,sonitpur district,26.70472375,92.04215071
assam,hojai district,26.70472375,92.04215071
assam,marigaon district,26.70472375,92.04215071
assam,chirang district,26.70472375,92.04215071
assam,cachar district,25.083333,92.916667
assam,nalbari district,25.083333,92.916667
assam,west karbi anglong district,25.083333,92.916667
assam,dhemaji district,27.5945155,94.71920979
assam,karimganj district,24.86648155,92.35121508
assam,bongaigaon district,24.86648155,92.35121508
assam,dima hasao district,25.40036255,93.07522923
assam,baksa district,25.40036255,93.07522923
assam,charaideo district,25.40036255,93.07522923
assam,darrang district,26.75,92.5
assam,kamrup metropolitan district,26.75,92.5
assam,hailakandi district,24.6827307,92.5622753
assam,barpeta district,24.6827307,92.5622753
assam,goalpara district,24.6827307,92.5622753
assam,biswanath district,24.6827307,92.5622753
assam,jorhat district,26.7586112,94.20640848
bihar,madhepura district,26.7586112,94.20640848
bihar,purnia district,25.774436,87.41003213
bihar,nalanda district,25.4374355,85.2919909
bihar,buxar district,25.4374355,85.2919909
bihar,darbhanga district,25.4374355,85.2919909
bihar,nawada district,24.7270817,84.5693914
bihar,jamui district,24.7270817,84.5693914
bihar,sheikhpura district,24.7270817,84.5693914
bihar,siwan district,26.166667,84.5
bihar,muzaffarpur district,26.1667052,85.4166314
bihar,patna district,25.46737665,85.19581528
bihar,jehanabad district,25.46737665,85.19581528
bihar,rohtas district,24.93928775,84.01945449
bihar,begusarai district,25.5,86.25
bihar,supaul district,25.5,86.25
bihar,sitamarhi district,26.666667,85.5
bihar,saran district,25.6085763,85.1993479
bihar,arwal district,25.2320301,84.6775384
bihar,vaishali district,25.696274,85.2228359
bihar,pashchim champaran district,27,84.5
bihar,gopalganj district,26.5,84.333333
bihar,lakhisarai district,25.2830169,86.0190997
bihar,aurangabad district,24.80340125,84.41113582
bihar,kaimur bhabua district,24.75750955,83.72099681
bihar,araria district,26.3415664,87.9374027
bihar,munger district,25.3795105,86.46264676
bihar,katihar district,25.54325127,87.56777309
bihar,khagaria district,25.50877,86.4756484
bihar,saharsa district,25.8875611,86.5901104
bihar,bhagalpur district,25,86.916667
bihar,madhubani district,25,86.916667
bihar,kishanganj district,26.29863795,87.95314811
bihar,gaya district,25.6058077,85.088915
bihar,samastipur district,25.75,85.916667
bihar,banka district,24.8926007,86.9140729
bihar,purbi champaran district,24.8926007,86.9140729
bihar,sheohar district,24.8926007,86.9140729
bihar,bhojpur district,25.25,84.25
chandigarh,chandigarh district,25.25,84.25
chhattisgarh,dhamtari district,20.7077641,81.5396928
chhattisgarh,korba district,22.5198217,82.63500285
chhattisgarh,surajpur district,23.209675,82.880353
chhattisgarh,baloda bazar district,21.6632098,82.1493121
chhattisgarh,sukma district,18.3853241,81.65120264
chhattisgarh,raigarh district,22.23617945,83.35295335
chhattisgarh,janjgir champa district,22.23617945,83.35295335
chhattisgarh,jashpur district,22.8825209,84.1362145
chhattisgarh,balod district,22.8825209,84.1362145
chhattisgarh,kabirdham district,22.8825209,84.1362145
chhattisgarh,surguja district,22.94691345,83.16569423
chhattisgarh,dantewada district,18.9090479,81.3427523
chhattisgarh,gariyaband district,18.9090479,81.3427523
chhattisgarh,durg district,21.1874054,81.2793137
chhattisgarh,rajnandgaon district,21.166667,81
chhattisgarh,raipur district,21.2317387,81.6401796
chhattisgarh,narayanpur district,19.723781,81.2336786
chhattisgarh,kanker district,20.2647118,81.4951987
chhattisgarh,korea district,20.2647118,81.4951987
chhattisgarh,mungeli district,20.2647118,81.4951987
chhattisgarh,bilaspur district,22.4082821,82.3921724
chhattisgarh,balrampur district,23.616665,83.618798
chhattisgarh,bijapur district,18.7935679,80.815939
chhattisgarh,bemetara district,21.7020322,81.5337224
chhattisgarh,bastar district,19.25,81.25
chhattisgarh,kondagaon district,19.25,81.25
chhattisgarh,mahasamund district,21.113837,82.092952
dadra-&-nagar-haveli-&-daman-&-diu,diu district,20.7159534,70.9785005
dadra-&-nagar-haveli-&-daman-&-diu,daman district,20.416667,72.883333
dadra-&-nagar-haveli-&-daman-&-diu,dadra and nagar haveli district,20.32272883,72.96509449
delhi,south district,28.53748399,77.19792896
delhi,central district,28.71578753,77.11489364
delhi,new delhi district,28.61621824,77.20963694
delhi,west district,28.64817722,77.0908451
delhi,south west district,28.60195304,77.0355308
delhi,south east delhi district,28.53562293,77.26959445
delhi,shahdara district,28.67761172,77.29035406
delhi,north east district,28.70729655,77.26613159
delhi,east district,28.54206226,77.29572316
delhi,north west district,28.70227067,77.10572607
delhi,north district,28.72837891,77.16723154
goa,north goa district,15.5368655,73.86949664
goa,south goa district,15.29079185,73.95490783
gujarat,anand district,22.4742502,72.73675821
gujarat,jamnagar district,22.31008,70.10300203
gujarat,devbhumi dwarka district,22.2444759,68.96800188
gujarat,rajkot district,22.8159425,70.8316013
gujarat,aravallis district,22.8159425,70.8316013
gujarat,chhotaudepur district,22.8159425,70.8316013
gujarat,botad district,22.0456765,71.67217573
gujarat,bharuch district,21.82728385,72.89461379
gujarat,bhavnagar district,21.56228915,71.90747308
gujarat,junagadh district,21.340255,70.42022268
gujarat,mahesana district,23.57070915,72.44523649
gujarat,the dangs district,20.75,73.75
gujarat,kheda district,22.8548705,72.99330606
gujarat,surat district,21.4626896,72.9515165
gujarat,porbandar district,21.6021982,69.85433746
gujarat,gandhinagar district,23.2813262,72.65577884
gujarat,panch mahals district,23,74
gujarat,narmada district,21.73830395,73.62736016
gujarat,gir somnath district,20.9911049,70.68806405
gujarat,valsad district,20.3828686,72.9038814
gujarat,mahisagar district,23.1916967,73.6626353
gujarat,sabar kantha district,23.8689411,73.01447412
gujarat,tapi district,21.1909141,73.55541086
gujarat,vadodara district,22.3182519,73.30458876
gujarat,banas kantha district,24.26960875,72.16210995
gujarat,amreli district,21.4191439,71.25276407
gujarat,ahmadabad district,23.0216238,72.5797068
gujarat,dohad district,23.0216238,72.5797068
gujarat,navsari district,20.952407,72.9323831
gujarat,patan district,20.96661175,70.42921753
gujarat,kachchh district,23.2396061,69.6734288
gujarat,surendranagar district,22.823085,71.55342629
gujarat,morbi district,22.79314,70.88832711
haryana,yamunanagar district,22.79314,70.88832711
haryana,sonipat district,22.79314,70.88832711
haryana,jind district,29.5,76.25
haryana,rohtak district,28.8995429,76.5844714
haryana,faridabad district,28.3526818,77.2778173
haryana,mahendragarh district,28.3526818,77.2778173
haryana,hisar district,29.1699202,75.7185553
haryana,karnal district,29.6943382,77.004248
haryana,fatehabad district,29.6943382,77.004248
haryana,palwal district,29.6943382,77.004248
haryana,charkhi dadri district,28.6508033,76.2406402
haryana,ambala district,28.9841361,75.6039914
haryana,rewari district,28.2169291,76.58118449
haryana,panchkula district,30.7108567,76.845983
haryana,bhiwani district,28.7312325,75.89234987
haryana,sirsa district,28.7312325,75.89234987
haryana,mewat district,28.7312325,75.89234987
haryana,panipat district,28.7312325,75.89234987
haryana,gurugram district,28.4492944,77.03065871
haryana,kaithal district,28.4492944,77.03065871
haryana,kurukshetra district,30,76.75
haryana,jhajjar district,30,76.75
himachal-pradesh,bilaspur district,32.0292,76.1514
himachal-pradesh,solan district,30,76.75
himachal-pradesh,sirmaur district,30.75,77.5
himachal-pradesh,shimla district,30.75,77.5
himachal-pradesh,hamirpur district,31.7491333,76.5036832
himachal-pradesh,una district,31.4674349,76.2650802
himachal-pradesh,kangra district,32.2133569,76.3211252
himachal-pradesh,kullu district,32.2133569,76.3211252
himachal-pradesh,mandi district,32.5338976,76.0157454
himachal-pradesh,lahul and spiti district,32.5338976,76.0157454
himachal-pradesh,chamba district,32.69301,76.16363499
himachal-pradesh,kinnaur district,31.5864184,78.396745
jammu-&-kashmir,muzaffarabad district,30.0417376,79.089691
jammu-&-kashmir,doda district,33.13260995,75.58900789
jammu-&-kashmir,samba district,32.57591175,75.12034456
jammu-&-kashmir,mirpur district,33.2033829,73.78971926
jammu-&-kashmir,srinagar district,34.1163836,74.93070225
jammu-&-kashmir,baramulla district,34.17636405,74.31644116
jammu-&-kashmir,jammu district,32.7681864,74.92113175
jammu-&-kashmir,ganderbal district,34.28885605,75.02959807
jammu-&-kashmir,udhampur district,32.911964,75.32658449
jammu-&-kashmir,bandipore district,34.4563234,74.68249998
jammu-&-kashmir,reasi district,33.20599085,74.86267936
jammu-&-kashmir,shopian district,33.72078365,74.7714244
jammu-&-kashmir,poonch district,33.702939,74.24990152
jammu-&-kashmir,kathua district,32.5825837,75.61047967
jammu-&-kashmir,kishtwar district,33.61562,75.87939724
jammu-&-kashmir,pulwama district,33.9490472,75.04183347
jammu-&-kashmir,ramban district,33.33328915,75.19847627
jammu-&-kashmir,rajouri district,33.26636775,74.34384696
jammu-&-kashmir,kulgam district,33.6250902,74.69488803
jammu-&-kashmir,budgam district,33.9099319,74.62914426
jammu-&-kashmir,anantnag district,33.8096849,75.2494527
jammu-&-kashmir,kupwara district,34.5140696,74.19136703
jharkhand,ramgarh district,34.5140696,74.19136703
jharkhand,ranchi district,23,85
jharkhand,east singhbhum district,23,85
jharkhand,jamtara district,23,85
jharkhand,dumka district,24.26618475,87.25313852
jharkhand,koderma district,24.26618475,87.25313852
jharkhand,hazaribagh district,24.26618475,87.25313852
jharkhand,simdega district,24.26618475,87.25313852
jharkhand,garhwa district,24.26618475,87.25313852
jharkhand,saraikela kharsawan district,24.26618475,87.25313852
jharkhand,gumla district,23.1603759,84.45995652
jharkhand,chatra district,24.9303981,87.82697148
jharkhand,khunti district,24.9303981,87.82697148
jharkhand,dhanbad district,25.18749095,87.744328
jharkhand,godda district,25.11124865,87.58268863
jharkhand,deoghar district,25.11124865,87.58268863
jharkhand,palamu district,23.916667,84.083333
jharkhand,latehar district,23.916667,84.083333
jharkhand,west singhbhum district,23.916667,84.083333
jharkhand,pakur district,23.916667,84.083333
jharkhand,lohardaga district,23.43141321,84.67725357
jharkhand,sahebganj district,25.0320437,87.69143108
jharkhand,giridih district,24.25,85.916667
jharkhand,bokaro district,24.25,85.916667
karnataka,mysuru district,12.1988434,76.61353212
karnataka,chitradurga district,14.3051049,76.52948762
karnataka,kalaburagi district,17.24191785,76.77538281
karnataka,ramanagara district,12.72465905,77.32018506
karnataka,mandya district,12.6336348,76.73023183
karnataka,kodagu district,12.2335192,76.2818865
karnataka,chikkamagaluru district,13.4005751,75.63273824
karnataka,haveri district,14.714635,75.38456743
karnataka,ballari district,15.34594225,76.82043304
karnataka,belagavi district,15.8572666,74.5069343
karnataka,kolar district,13.1794187,78.26805838
karnataka,uttara kannada district,14.883333,74.583333
karnataka,tumakuru district,13.3400771,77.1006208
karnataka,yadgir district,16.7670964,77.1403984
karnataka,bengaluru urban district,12.8632604,77.4338693
karnataka,chikkaballapura district,13.5883185,77.78043012
karnataka,davanagere district,14.25041265,75.82562831
karnataka,bagalkote district,16.28998085,75.58255865
karnataka,vijayapura district,16.81105965,75.89714733
karnataka,koppal district,15.57825725,76.31063912
karnataka,bidar district,18.02315245,77.24971867
karnataka,bengaluru rural district,18.02315245,77.24971867
karnataka,raichur district,16.0547194,76.90160088
karnataka,chamarajanagara district,11.9238058,76.9393558
karnataka,dakshina kannada district,12.82133045,75.22767163
karnataka,hassan district,13.029374,76.17429358
karnataka,dharwad district,15.37259455,75.13728311
karnataka,shivamogga district,13.9326093,75.574978
karnataka,udupi district,13.52617505,74.87325316
karnataka,gadag district,15.416337,75.68075428
kerala,thiruvananthapuram district,10.6207081,76.1281782
kerala,kasaragod district,12.42219635,75.19044458
kerala,malappuram district,10.61381845,76.51663324
kerala,pathanamthitta district,9.3675015,76.6586492
kerala,wayanad district,11.2554224,75.78162653
kerala,alappuzha district,9.777163,76.2803139
kerala,kozhikode district,11.46559355,75.89194
kerala,kollam district,8.8855684,76.5892353
kerala,thrissur district,10.4786547,76.27261253
kerala,palakkad district,10.78789845,76.47408711
kerala,kannur district,11.9863343,75.54797043
kerala,kottayam district,9.5003001,76.8353071
kerala,ernakulam district,10.0383947,76.50741452
kerala,idukki district,9.7253254,77.2103161
ladakh,kargil district,33.802819,76.47300957
ladakh,leh ladakh district,34.1642029,77.5848133
lakshadweep,lakshadweep district,10.8132489,73.68046209
madhya-pradesh,morena district,26.4961372,77.9986659
madhya-pradesh,alirajpur district,22.3118775,74.3555894
madhya-pradesh,sehore district,23.1981078,77.0812948
madhya-pradesh,rajgarh district,25.3338446,77.5083732
madhya-pradesh,khargone district,21.8318939,75.6286115
madhya-pradesh,satna district,24.5684403,80.8321439
madhya-pradesh,narsinghpur district,22.9492648,79.1856846
madhya-pradesh,jabalpur district,23.22420115,79.98248902
madhya-pradesh,hoshangabad district,22.7575717,77.7188006
madhya-pradesh,vidisha district,23.5200947,77.8085902
madhya-pradesh,balaghat district,21.8611181,80.32141873
madhya-pradesh,singrauli district,21.8611181,80.32141873
madhya-pradesh,betul district,21.9034464,77.8983504
madhya-pradesh,sidhi district,22.7018563,75.86663525
madhya-pradesh,datia district,25.6406595,78.4559832
madhya-pradesh,dewas district,22.9622115,76.048227
madhya-pradesh,sheopur district,25.6760912,76.7120469
madhya-pradesh,neemuch district,25.6760912,76.7120469
madhya-pradesh,raisen district,23.3331473,77.7801239
madhya-pradesh,mandsaur district,24.0697229,75.0727169
madhya-pradesh,barwani district,22.7246439,75.8887036
madhya-pradesh,katni district,23.8323636,80.3920242
madhya-pradesh,dindori district,22.9460091,81.0751743
madhya-pradesh,shivpuri district,25.37524125,77.82811933
madhya-pradesh,gwalior district,26.2,78.2
madhya-pradesh,anuppur district,26.2,78.2
madhya-pradesh,agar malwa district,26.2,78.2
madhya-pradesh,ashoknagar district,24.57719,77.73266519
madhya-pradesh,sagar district,21.5479393,79.5481447
madhya-pradesh,niwari district,25.5575031,78.1466102
madhya-pradesh,rewa district,23.1689247,80.03308114
madhya-pradesh,shajapur district,23.4207601,76.27436
madhya-pradesh,ujjain district,22.8633236,75.8543994
madhya-pradesh,bhind district,26.5658766,78.7826782
madhya-pradesh,tikamgarh district,24.7712387,78.835802
madhya-pradesh,seoni district,21.6843487,80.2715206
madhya-pradesh,harda district,22.3406138,77.0934034
madhya-pradesh,burhanpur district,22.3406138,77.0934034
madhya-pradesh,damoh district,21.8979776,80.7917082
madhya-pradesh,bhopal district,23.2301418,77.4179774
madhya-pradesh,jhabua district,22.6579114,75.8850109
madhya-pradesh,dhar district,22.7109387,75.8334557
madhya-pradesh,guna district,24.646649,77.3079412
madhya-pradesh,east nimar district,21.75,76.583333
madhya-pradesh,chhindwara district,22.0509324,78.939744
madhya-pradesh,umaria district,23.5255015,80.8343366
madhya-pradesh,mandla district,22.5962197,80.3702688
madhya-pradesh,indore district,22.71113445,75.80768748
madhya-pradesh,shahdol district,23.3104023,81.3702978
madhya-pradesh,ratlam district,22.71673845,75.88149166
madhya-pradesh,panna district,24.7172329,80.1873717
madhya-pradesh,chhatarpur district,24.9072406,79.5844054
maharashtra,aurangabad district,19.87990627,75.33891909
maharashtra,jalgaon district,24.9072406,79.5844054
maharashtra,latur district,18.3931679,76.56402547
maharashtra,thane district,19.19682175,72.97869885
maharashtra,bhandara district,21.1596616,79.6527375
maharashtra,nandurbar district,21.3386847,74.2344823
maharashtra,chandrapur district,19.9648425,79.2914735
maharashtra,kolhapur district,16.5756833,74.3125599
maharashtra,solapur district,17.66787665,75.90672724
maharashtra,mumbai district,19.0517979,72.8292773
maharashtra,sindhudurg district,16.11617835,73.69000425
maharashtra,dhule district,20.9257339,74.7771388
maharashtra,wardha district,20.73775615,78.60316843
maharashtra,parbhani district,19.2713708,76.7644813
maharashtra,mumbai suburban district,19.2713708,76.7644813
maharashtra,hingoli district,19.7222317,77.1544772
maharashtra,ratnagiri district,16.9883802,73.29931182
maharashtra,nanded district,19.15915835,77.30326994
maharashtra,osmanabad district,18.18788,76.035779
maharashtra,nagpur district,21.1170373,79.1045331
maharashtra,buldhana district,21.1170373,79.1045331
maharashtra,nashik district,19.9969676,73.7782466
maharashtra,akola district,20.7141213,77.0065838
maharashtra,yavatmal district,20.3908238,78.1324077
maharashtra,amravati district,20.9376684,77.7781055
maharashtra,washim district,20.1224632,77.1311174
maharashtra,sangli district,16.8425456,74.60920166
maharashtra,gadchiroli district,20.1700227,79.97914161
maharashtra,raigad district,20.1700227,79.97914161
maharashtra,palghar district,20.1700227,79.97914161
maharashtra,jalna district,19.83228,75.874466
maharashtra,gondia district,19.83228,75.874466
maharashtra,ahmednagar district,19.108436,74.735394
maharashtra,pune district,18.527863,73.85568328
maharashtra,beed district,18.9869163,75.7533207
maharashtra,satara district,17.6913198,74.0094374
manipur,kangpokpi district,17.6913198,74.0094374
manipur,noney district,17.6913198,74.0094374
manipur,imphal east district,17.6913198,74.0094374
manipur,thoubal district,24.84529,94.1449785
manipur,kakching district,24.84529,94.1449785
manipur,jiribam district,24.84529,94.1449785
manipur,ukhrul district,25.3110738,94.47537752
manipur,tamenglong district,24.9855683,93.5025164
manipur,kamjong district,25,94.5
manipur,chandel district,25,94.5
manipur,bishnupur district,24.6319847,93.7619193
manipur,senapati district,25.333333,94.166667
manipur,pherzawl district,24.26344363,93.19096471
manipur,churachandpur district,24.3429852,93.6928709
manipur,tengnoupal district,24.3429852,93.6928709
manipur,imphal west district,24.3429852,93.6928709
meghalaya,north garo hills district,24.3429852,93.6928709
meghalaya,south west khasi hills district,24.3429852,93.6928709
meghalaya,west garo hills district,24.3429852,93.6928709
meghalaya,south garo hills district,24.3429852,93.6928709
meghalaya,east jaintia hills district,24.3429852,93.6928709
meghalaya,south west garo hills district,24.3429852,93.6928709
meghalaya,east khasi hills district,24.3429852,93.6928709
meghalaya,east garo hills district,24.3429852,93.6928709
meghalaya,ribhoi district,24.3429852,93.6928709
meghalaya,west jaintia hills district,24.3429852,93.6928709
meghalaya,west khasi hills district,24.3429852,93.6928709
mizoram,serchhip district,23.3078982,92.8556728
mizoram,aizawl district,23.3078982,92.8556728
mizoram,lunglei district,23.3078982,92.8556728
mizoram,mamit district,23.909285,92.4947387
mizoram,lawngtlai district,22.7401468,93.0509285
mizoram,kolasib district,24.2314023,92.6766193
mizoram,champhai district,23.481,93.309599
mizoram,saiha district,23.481,93.309599
nagaland,mon district,26.7238973,95.0287876
nagaland,phek district,25.70995365,94.46436151
nagaland,longleng district,26.4929778,94.8042633
nagaland,mokokchung district,26.4929778,94.8042633
nagaland,kiphire district,25.8826359,94.781588
nagaland,kohima district,25.6949988,94.12330065
nagaland,tuensang district,26.25,94.75
nagaland,peren district,25.5354667,93.7352403
nagaland,dimapur district,25.904959,93.731523
nagaland,zunheboto district,26.0030617,94.5236166
nagaland,wokha district,26.0793431,94.25912545
odisha,rayagada district,19.1643623,83.4077243
odisha,koraput district,18.8848483,82.5596997
odisha,malkangiri district,18.33798,81.8759462
odisha,sambalpur district,21.4,83.883333
odisha,kalahandi district,19.75,83
odisha,anugul district,19.75,83
odisha,ganjam district,19.5,84.5
odisha,jajapur district,19.5,84.5
odisha,bargarh district,21.40164,83.5826487
odisha,dhenkanal district,20.6590059,85.5813728
odisha,bhadrak district,21.0654838,86.5025885
odisha,nuapada district,20.7990808,82.5346304
odisha,kendujhar district,20.7990808,82.5346304
odisha,mayurbhanj district,21.75,86.5
odisha,jharsuguda district,21.8895058,84.0485068
odisha,kandhamal district,21.8895058,84.0485068
odisha,deogarh district,21.53937805,84.73646091
odisha,sundargarh district,22.25,84.5
odisha,jagatsinghapur district,22.25,84.5
odisha,balangir district,20.7502257,83.2499464
odisha,baleshwar district,21.5,86.75
odisha,puri district,19.8142712,85.8299503
odisha,sonepur district,20.8431294,83.90634541
odisha,khordha district,20.8431294,83.90634541
odisha,boudh district,20.8431294,83.90634541
odisha,gajapati district,18.7716498,84.0968126
odisha,nayagarh district,20.1280409,85.1066485
odisha,nabarangpur district,19.2288319,82.5668344
odisha,kendrapara district,20.5021306,86.4259806
odisha,cuttack district,20.5021306,86.4259806
puducherry,karaikal district,10.91564885,79.8069488
puducherry,puducherry district,11.92201155,79.79513652
puducherry,yanam district,16.7332235,82.20181178
puducherry,mahe district,11.70086195,75.53600909
punjab,shahid bhagat singh nagar district,11.70086195,75.53600909
punjab,fazilka district,30.3360996,74.11794319
punjab,barnala district,30.3360996,74.11794319
punjab,mansa district,30.3360996,74.11794319
punjab,ludhiana district,30.479765,74.5354916
punjab,sri muktsar sahib district,30.2831401,74.5229972
punjab,patiala district,30.1407973,74.2001558
punjab,pathankot district,32.3017104,75.65864247
punjab,fatehgarh sahib district,32.3017104,75.65864247
punjab,rupnagar district,30.2102325,73.9925288
punjab,tarn taran district,31.32124525,74.84130629
punjab,sas nagar district,31.32124525,74.84130629
punjab,sangrur district,31.32124525,74.84130629
punjab,jalandhar district,31.32124525,74.84130629
punjab,bathinda district,30.20378255,74.95031922
punjab,kapurthala district,31.25,75.25
punjab,firozepur district,31.25,75.25
punjab,gurdaspur district,31.9042299,75.22738141
punjab,amritsar district,31.3410997,74.6891758
punjab,faridkot district,31.3410997,74.6891758
punjab,hoshiarpur district,31.3410997,74.6891758
punjab,moga district,32.033379,75.3949932
rajasthan,pali district,25.6051226,73.41650555
rajasthan,ganganagar district,29.5,74
rajasthan,churu district,28.20477805,74.69129961
rajasthan,jaipur district,27.1506772,75.74701642
rajasthan,baran district,24.92077465,76.68218371
rajasthan,bhilwara district,25.4889628,74.7164014
rajasthan,banswara district,23.4929453,74.3498016
rajasthan,dungarpur district,23.6723053,73.81664193
rajasthan,tonk district,26.12231975,75.66322349
rajasthan,jodhpur district,26.73668055,72.87475507
rajasthan,karauli district,26.51583285,77.05659652
rajasthan,udaipur district,24.453502,73.65234712
rajasthan,dausa district,26.80486585,76.4437457
rajasthan,nagaur district,27.05890605,74.17608322
rajasthan,bharatpur district,27.2662364,77.36917931
rajasthan,barmer district,25.58325505,71.61925561
rajasthan,ajmer district,26.33188715,74.71697525
rajasthan,chittorgarh district,24.7167691,74.47217477
rajasthan,hanumangarh district,29.3659533,74.29842897
rajasthan,pratapgarh district,24.02181175,74.62410749
rajasthan,sawai madhopur district,26.22901855,76.30435615
rajasthan,jalore district,25.343876,72.624222
rajasthan,bikaner district,28.11616165,73.110567
rajasthan,sikar district,27.66241555,75.0279971
rajasthan,dholpur district,27.66241555,75.0279971
rajasthan,sirohi district,24.8114047,72.83002573
rajasthan,rajsamand district,25.2892459,73.82410775
rajasthan,jaisalmer district,27.0264162,70.77751198
rajasthan,bundi district,25.4367659,75.73614709
rajasthan,jhalawar district,24.31255575,76.52279955
rajasthan,alwar district,27.63857345,76.61404272
rajasthan,kota district,25.19668295,76.00096873
rajasthan,jhunjhunu district,25.19668295,76.00096873
sikkim,east district,27.3290053,88.60986984
sikkim,north district,27.5048937,88.53981499
sikkim,south district,27.17091268,88.3668023
sikkim,west district,27.315686,88.23718339
tamil-nadu,tiruchirappalli district,10.85046075,78.72453299
tamil-nadu,ramanathapuram district,9.5205576,78.51846345
tamil-nadu,krishnagiri district,12.5150555,78.00762134
tamil-nadu,cuddalore district,11.52020705,79.33963565
tamil-nadu,kancheepuram district,12.87960515,79.70427615
tamil-nadu,tiruppur district,10.79152665,77.53254663
tamil-nadu,dharmapuri district,12.14561305,78.11322172
tamil-nadu,thoothukkudi district,8.84570345,77.99381784
tamil-nadu,thanjavur district,10.65903695,79.20142776
tamil-nadu,madurai district,9.9369266,78.00782301
tamil-nadu,tiruvannamalai district,12.22713775,79.07012882
tamil-nadu,salem district,11.64696155,78.21069575
tamil-nadu,nagapattinam district,10.60262025,79.7619348
tamil-nadu,tirupathur district,12.4533064,78.55290857
tamil-nadu,ariyalur district,11.1530559,79.25857974
tamil-nadu,chennai district,13.05843605,80.23610503
tamil-nadu,the nilgiris district,11.4454657,76.69864649
tamil-nadu,erode district,11.49052815,77.3505274
tamil-nadu,karur district,10.8217671,78.38286541
tamil-nadu,kallakkurichi district,11.690524,78.98242157
tamil-nadu,viluppuram district,12.11669665,79.59892355
tamil-nadu,pudukkottai district,10.2903072,78.81736166
tamil-nadu,perambalur district,11.2902641,78.9300404
tamil-nadu,coimbatore district,10.81357895,77.07977769
tamil-nadu,virudhunagar district,9.4926289,77.86316901
tamil-nadu,dindigul district,10.42568965,77.815664
tamil-nadu,sivaganga district,9.851231,78.53047155
tamil-nadu,tenkasi district,9.09407535,77.4758369
tamil-nadu,chengalpattu district,12.636245,80.06535193
tamil-nadu,kanniyakumari district,11.0600516,77.0679581
tamil-nadu,tirunelveli district,8.5495014,77.58051776
tamil-nadu,thiruvallur district,13.2533992,80.05462675
tamil-nadu,theni district,9.86924895,77.42258419
tamil-nadu,ranipet district,12.91862425,79.40819213
tamil-nadu,namakkal district,11.30338895,78.11860402
tamil-nadu,vellore district,12.9009299,79.06148442
tamil-nadu,thiruvarur district,10.6878621,79.49794371
telangana,narayanpet district,10.6878621,79.49794371
telangana,nalgonda district,17.0557615,79.2779955
telangana,jangaon district,17.0557615,79.2779955
telangana,bhadradri kothagudem district,17.0557615,79.2779955
telangana,warangal rural district,17.0557615,79.2779955
telangana,kumuram bheem asifabad district,17.0557615,79.2779955
telangana,nizamabad district,18.6687404,78.0989938
telangana,adilabad district,19.1040149,78.340105
telangana,rajanna sircilla district,19.1040149,78.340105
telangana,nagarkurnool district,19.1040149,78.340105
telangana,peddapalle district,19.1040149,78.340105
telangana,nirmal district,19.1040149,78.340105
telangana,mahabubabad district,19.1040149,78.340105
telangana,sangareddy district,19.1040149,78.340105
telangana,wanaparthy district,16.3637095,78.0647251
telangana,vikarabad district,16.3637095,78.0647251
telangana,jagtial district,16.3637095,78.0647251
telangana,yadadri bhuvanagiri district,16.3637095,78.0647251
telangana,medak district,16.3637095,78.0647251
telangana,mahbubnagar district,16.5,78.25
telangana,jaya shankar bhalupally district,16.5,78.25
telangana,warangal urban district,16.5,78.25
telangana,rangareddy district,16.5,78.25
telangana,hyderabad district,16.5,78.25
telangana,suryapet district,16.5,78.25
telangana,jogulamba gadwal district,16.5,78.25
telangana,kamareddy district,16.5,78.25
telangana,mulugu district,16.5,78.25
telangana,medchal malkajgiri district,16.5,78.25
telangana,karimnagar district,18.4424788,79.13072656
telangana,mancherial district,18.4424788,79.13072656
telangana,siddipet district,18.03098145,78.87839646
telangana,khammam district,17.250782,80.1524
tripura,unakoti district,24.304628,92.033346
tripura,khowai district,24.0715915,91.6025823
tripura,sepahijala district,24.0715915,91.6025823
tripura,north tripura district,23.9922833,91.856786
tripura,dhalai district,23.9551603,91.8252174
tripura,south tripura district,23.5,91.666667
tripura,gomati district,23.4848604,91.4983684
tripura,west tripura district,23.916667,91.5
uttar-pradesh,balrampur district,26.08492322,83.19774354
uttar-pradesh,hamirpur district,25.95226498,80.15060544
uttar-pradesh,pratapgarh district,25.92196004,82.00243353
uttar-pradesh,amethi district,26.1561764,81.80450839
uttar-pradesh,siddharthnagar district,26.1561764,81.80450839
uttar-pradesh,auraiya district,26.1561764,81.80450839
uttar-pradesh,sambhal district,26.1561764,81.80450839
uttar-pradesh,kanpur nagar district,26.1561764,81.80450839
uttar-pradesh,aligarh district,27.87698975,78.13729028
uttar-pradesh,mahoba district,25.292924,79.8848158
uttar-pradesh,lucknow district,28.8067822,79.0140742
uttar-pradesh,sant kabeer nagar district,28.8067822,79.0140742
uttar-pradesh,hathras district,27.5996322,78.0497369
uttar-pradesh,budaun district,28.027692,79.1254409
uttar-pradesh,moradabad district,29.0786044,79.0507168
uttar-pradesh,kushinagar district,26.8632735,83.9553228
uttar-pradesh,baghpat district,28.9464293,77.2170076
uttar-pradesh,shahjahanpur district,27.8552433,79.8944047
uttar-pradesh,muzaffarnagar district,27.8552433,79.8944047
uttar-pradesh,ambedkar nagar district,28.6400895,77.42868
uttar-pradesh,bahraich district,27.5727012,81.6061717
uttar-pradesh,jalaun district,26,79.5
uttar-pradesh,rampur district,28.79406825,79.18593045
uttar-pradesh,ballia district,25.7506229,84.1472
uttar-pradesh,shravasti district,25.7506229,84.1472
uttar-pradesh,kasganj district,27.969777,78.5981655
uttar-pradesh,varanasi district,25.1297376,82.6059987
uttar-pradesh,gautam buddha nagar district,28.5770068,77.3394731
uttar-pradesh,basti district,28.630261,77.4133068
uttar-pradesh,shamli district,28.630261,77.4133068
uttar-pradesh,maharajganj district,27.1436733,83.5395965
uttar-pradesh,etawah district,26.7879984,79.0061831
uttar-pradesh,etah district,27.5562222,78.658988
uttar-pradesh,banda district,25.4892744,80.33507543
uttar-pradesh,bijnor district,29.3843229,78.13645
uttar-pradesh,hardoi district,28.0047122,78.476874
uttar-pradesh,amroha district,28.0047122,78.476874
uttar-pradesh,pilibhit district,28.49520765,80.1075408
uttar-pradesh,mainpuri district,27.2307398,79.0406375
uttar-pradesh,kanpur dehat district,27.2307398,79.0406375
uttar-pradesh,jaunpur district,25.7592013,82.6968142
uttar-pradesh,kaushambi district,28.64364045,77.32463495
uttar-pradesh,hapur district,28.7299677,77.775499
uttar-pradesh,meerut district,28.6859637,77.43533644
uttar-pradesh,mathura district,27.5591791,77.68175452
uttar-pradesh,chitrakoot district,25.19631215,80.91390945
uttar-pradesh,lalitpur district,24.6967125,78.411697
uttar-pradesh,mau district,25.2133779,83.0334827
uttar-pradesh,mirzapur district,24.9325993,82.64710861
uttar-pradesh,bulandshahr district,24.9325993,82.64710861
uttar-pradesh,gonda district,27.8306549,77.8773701
uttar-pradesh,jhansi district,28.6839951,77.4530398
uttar-pradesh,chandauli district,28.6839951,77.4530398
uttar-pradesh,bhadohi district,28.6839951,77.4530398
uttar-pradesh,saharanpur district,29.95566895,77.55964886
uttar-pradesh,bara banki district,26.9013312,81.2151601
uttar-pradesh,bareilly district,28.457876,79.40557094
uttar-pradesh,sitapur district,28.3548882,79.4185378
uttar-pradesh,sultanpur district,26.2627557,82.069966
uttar-pradesh,agra district,27.1705419,78.0107255
uttar-pradesh,fatehpur district,27.1705419,78.0107255
uttar-pradesh,rae bareli district,26.25,81.25
uttar-pradesh,firozabad district,28.3800183,79.4181912
uttar-pradesh,kheri district,28.4299696,80.3176448
uttar-pradesh,gorakhpur district,26.7494212,83.3665766
uttar-pradesh,unnao district,26.5,80.5
uttar-pradesh,prayagraj district,25.5,81.5
uttar-pradesh,sonbhadra district,25.5,81.5
uttar-pradesh,ghazipur district,28.6643991,77.3208548
uttar-pradesh,farrukhabad district,27.3817304,79.602854
uttar-pradesh,kannauj district,27.3817304,79.602854
uttar-pradesh,azamgarh district,26.0637645,83.1833871
uttar-pradesh,ayodhya district,26.0637645,83.1833871
uttar-pradesh,deoria district,28.3778393,79.9337825
uttar-pradesh,ghaziabad district,28.711241,77.4445372
uttarakhand,bageshwar district,28.711241,77.4445372
uttarakhand,udham singh nagar district,28.711241,77.4445372
uttarakhand,haridwar district,30.1921734,79.1874877
uttarakhand,champawat district,29.3321606,80.0928787
uttarakhand,nainital district,29.2185482,79.52951525
uttarakhand,dehradun district,29.2185482,79.52951525
uttarakhand,chamoli district,30.4996323,79.61879246
uttarakhand,almora district,30.6309236,78.1603603
uttarakhand,uttarkashi district,30.9654214,78.63368731
uttarakhand,pithoragarh district,30.12666775,80.48338014
uttarakhand,rudraprayag district,30.2864682,78.9814996
uttarakhand,pauri garhwal district,30.1507888,78.7737617
uttarakhand,tehri garhwal district,30.5,78.666667
west-bengal,south twenty four parganas district,30.5,78.666667
west-bengal,purba bardhaman district,30.5,78.666667
west-bengal,uttar dinajpur district,25.6098202,88.1327333
west-bengal,kalimpong district,27.02787695,88.64606086
west-bengal,murshidabad district,24.08632855,88.26684964
west-bengal,paschim medinipur district,21.8360051,87.4317229
west-bengal,dakshin dinajpur district,21.8360051,87.4317229
west-bengal,jalpaiguri district,26.62648365,88.73407701
west-bengal,purulia district,23.3409582,86.359433
west-bengal,north twenty four parganas district,23.3409582,86.359433
west-bengal,bankura district,23.0662415,87.3251923
west-bengal,jhargram district,22.447609,86.998449
west-bengal,howrah district,22.5801698,88.3362713
west-bengal,hooghly district,22.8924411,88.3994271
west-bengal,kolkata district,26.5257678,88.7198637
west-bengal,koch bihar district,26.25,89.5
west-bengal,alipurduar district,26.4811994,89.5279728
west-bengal,paschim bardhaman district,26.4811994,89.5279728
west-bengal,nadia district,23.4056806,88.4913312
west-bengal,birbhum district,24,87.583333
west-bengal,purba medinipur district,22.2788123,87.92250436
west-bengal,maldah district,25,88
west-bengal,darjiling district,26.75,88.25
